{
    "hidden": [
        4,
        6,
        4,
        5
    ],
    "in": 2,
    "lr": 0.01,
    "activation": "TanH",
    "dataset": "Double Spiral",
    "parameters": [
        0.25879220802705494,
        0.2874099196886884,
        -0.2835749476116374,
        -0.330448882234199,
        0.28003987575851313,
        0.5628781698543157,
        -0.1731295361632283,
        -0.30774540240733805,
        -0.05258557560091864,
        0.39892368199814804,
        0.59254106736808,
        -0.08819712107015835,
        0.2334547597155085,
        0.1961421007540422,
        -0.1894033162890197,
        -0.21830495424024512,
        0.16507829086612588,
        0.40694173083138185,
        -0.1105831567121196,
        -0.19156636011842154,
        -0.022657926760649188,
        0.2936040330960134,
        0.41753080251788616,
        -0.046205604190721956,
        0.24553792742311473,
        -0.1255208599466536,
        -0.32311844631237624,
        0.09150229377671429,
        -0.2901053267632035,
        0.32503015175719785,
        -0.33437435095432694,
        0.07394112626924619,
        0.2484191289403753,
        0.06610680824870764,
        0.08085217953323802,
        0.24778048657750099,
        -0.4688545815132077,
        -0.14493295243219442,
        0.3203692577709375,
        -0.08496727050640794,
        0.4734872352710885,
        0.21314311460427143,
        0.18959599453168294,
        0.14761344784684055,
        -0.15776356162377855,
        -0.1823039231565791,
        0.12236253410468918,
        0.31847327252022944,
        -0.10968337767258944,
        -0.18375206058606736,
        -0.04160422691193448,
        0.22561898625652899,
        0.3422301973874096,
        -0.05204934745873827,
        0.22072692250560402,
        -0.08019589803254157,
        -0.2610312872790258,
        0.07773743758022117,
        -0.208427663110013,
        0.28862290201179713,
        -0.26554848145926246,
        0.0705536090025999,
        0.1980730090473088,
        0.05300800485831047,
        0.06642964209207877,
        0.2076784767764953,
        -0.38629213438514765,
        -0.1136721950657394,
        0.26129552846676773,
        -0.06680692557800266,
        0.21885072421211335,
        0.1771827243553668,
        -0.1857555591842295,
        -0.21619032913100694,
        0.16049725555465885,
        0.4028380824084783,
        -0.1300768913439543,
        -0.2252929724687767,
        -0.036895476798898236,
        0.2823912665752222,
        0.40799858826054813,
        -0.07745725541632743,
        0.26022732173739843,
        -0.0969361666974844,
        -0.32740019100757706,
        0.10095238665829212,
        -0.28533687072099495,
        0.32235504731796405,
        -0.3342871472939224,
        0.09085514683349709,
        0.2544434255623544,
        0.0703813683777272,
        0.07968268021503197,
        0.2533466356149002,
        -0.46583645752423514,
        0.16764118457414742,
        0.15239935400679594,
        -0.1754637311272135,
        -0.19348114137837444,
        0.16126643836460547,
        0.36058663717716594
    ],
    "out": 1
}