{
    "hidden": [
        5,
        5
    ],
    "in": 2,
    "lr": 0.003,
    "activation": "ReLU",
    "dataset": "twoBlobs",
    "parameters": [
        0.23059160162950326,
        0.2778255100404284,
        -0.35675482543879805,
        -0.43358880255484883,
        0.07290481438081059,
        0.5560075389800383,
        -0.3934473016384607,
        -0.19398365437488316,
        -0.001264693972072226,
        0.5136800599740746,
        0.5534757759810339,
        -0.05155280651832314,
        0.39011839757439704,
        -0.019824656012093027,
        -0.4412754579213929,
        -0.0398969983251815,
        0.12047444350324081,
        -0.04968291836349762,
        -0.11776008705412488,
        0.1599058992843128,
        0.5109618326116918,
        -0.20291071155487878,
        -0.12399169827760459,
        0.1234503759441576,
        0.20272553681685032,
        0.3380984505682292,
        -0.11242027910021334,
        0.2833107165094189,
        -0.1456126850294687,
        -0.28387283894739296,
        0.11474097238522403,
        -0.3040183561412602,
        0.3477838839773534,
        -0.28580489360639155,
        0.06405889388140096,
        0.18340504545268316,
        0.04011209595141365,
        0.12753802610119613,
        0.31398347636371093,
        -0.4214744702373078,
        -0.2803312293213475,
        0.38800719278929735,
        0.007233459368048593,
        0.3314771819844097,
        0.22498337493728318,
        -0.44521992962636237,
        0.3833919580528628,
        -0.2265219884545398,
        -0.08083963885424512,
        0.11784228505864607,
        0.23880812110211105
    ],
    "out": 1
}