{
    "hidden": [
        16,
        16
    ],
    "in": 2,
    "lr": 0.1,
    "activation": "ReLU",
    "dataset": "twoBlobs",
    "parameters": [
        0.32182364260601354,
        0.2591171187078572,
        -0.2705115404866652,
        -0.3152586226818445,
        0.23412157286453578,
        0.5704545273845442,
        -0.18556898346881634,
        -0.31714012158389404,
        -0.051401606034460895,
        0.4000835323843418,
        0.5930190376127799,
        -0.08981532530368794,
        0.35342071085232285,
        -0.1604186647033804,
        -0.45625573205400827,
        0.13343092358888428,
        -0.41045064034974854,
        0.4609853568945273,
        -0.4635538380244621,
        0.12364098904494977,
        0.35536415920917014,
        0.10046622420401516,
        0.11317227699015474,
        0.3571029939310317,
        -0.6626746817321201,
        -0.2009315768185061,
        0.4494327296683056,
        -0.11640738773422361,
        0.6703876898202483,
        0.3018020241089,
        -0.027471782141544557,
        -0.2946422069925407,
        0.6361983036064046,
        0.45324388326265413,
        0.19324457280269344,
        -0.18509015829049796,
        -0.19762945053273026,
        -0.09240317954488986,
        -0.060362743917697005,
        -0.038624405607191215,
        -0.04380877147359585,
        0.462903811310843,
        -0.493515908425686,
        0.47215815818358814,
        -0.056135266122369375,
        -0.31031806534082823,
        -0.429971541309026,
        -0.45357584972794823,
        0.11378184001643404,
        0.09161173587992272,
        -0.09564027233367012,
        -0.11146075496293167,
        0.08277447589728681,
        0.20168613233608912,
        -0.06560854329434718,
        -0.11212596527914881,
        -0.01817321209542333,
        0.14145088939501788,
        0.20966389143435843,
        -0.031754512788356726,
        0.12495309062772375,
        -0.05671656282032567,
        -0.16131076104531084,
        0.04717495544484207,
        -0.14511621556683396,
        0.1629829359439105,
        -0.16389103115607379,
        0.043713690893147805,
        0.12564020338373005,
        0.035520174207433586,
        0.040012442251030345,
        0.1262549742953255,
        -0.2342908805867096,
        -0.07104004026143568,
        0.15889846541781966,
        -0.041156226623540626,
        0.2370178407479407,
        0.10670312891161454,
        -0.009712741721782825,
        -0.10417175129409795,
        0.2249300673297333,
        0.16024591169317332,
        0.068322273928141,
        -0.06543925302905129,
        -0.06987256231693245,
        -0.03266945742969485,
        -0.02134145277761529,
        -0.013655789562072307,
        -0.015488739692215703,
        0.16366121200749756,
        -0.17448422273562086,
        0.16693311772208286,
        -0.019846813669419427,
        -0.10971400416359489,
        -0.152017896288422,
        -0.16036327956254132,
        0.18284339816367612,
        -0.006704669086902981,
        -0.03951414668448566,
        0.06643489567663952,
        0.09992932253358605,
        -0.09233577497116352,
        0.035810152764988334,
        -0.06449385515811956,
        0.18590729798241934,
        0.15286547133099898,
        0.05810684251758935,
        -0.06282032195549786,
        0.09862436463486474,
        0.2043072901037855,
        -0.15192646405907423,
        0.1545624083638697,
        0.06396663770673633,
        -0.018300364485827447,
        -0.09721042216627557,
        0.019954717129684663,
        0.06755550722819403,
        -0.18687108835061733,
        -0.0013365537620397272,
        -0.23634291685701708,
        -0.23175774165487517,
        -0.008078072522847424,
        0.07752669055491052,
        -0.05211685991437892,
        0.22008623284269052,
        -0.057694578041354305,
        0.07311598939882141,
        0.13523281888697047,
        0.19702139790920442,
        0.04941851857250884,
        0.2380172358092042,
        -0.211457443532374,
        0.1375603479635878,
        -0.11058884875061614,
        0.19960266486477884,
        -0.0630819281897288,
        -0.03434522243226945,
        -0.08383786080762573,
        -0.0924262643163411,
        -0.02863202895688982,
        -0.201774542059588,
        0.12257665310769278,
        -0.16457013105855123,
        0.15269535996069117,
        -0.18010520235656957,
        -0.20352659152927222,
        -0.2364850665589333,
        0.024167345865875767,
        -0.10890085693467594,
        0.23374766100425554,
        0.20225053950078087,
        -0.07802892677776363,
        -0.2429720907736334,
        0.15479706240503127,
        0.0107471518448779,
        0.1675777775038505,
        0.041730824295559465,
        0.09412303467375743,
        0.02819110065952596,
        -0.19212493814018705,
        0.04425431844714495,
        0.19757114267846765,
        0.06323758260198603,
        -0.058709504409157065,
        0.20181254737512128,
        0.16684980054817616,
        -0.1199031844169331,
        0.2311181101248614,
        -0.05123192199219845,
        0.0367673593382804,
        -0.12091749948041697,
        0.1608727789768395,
        0.07959173715959322,
        0.057053377396192706,
        -0.005901312771537326,
        -0.0692646935539093,
        0.11899081614594359,
        0.17768074549081636,
        -0.08012644570287103,
        0.12901493231749,
        0.11303910247045379,
        0.004281117436515602,
        0.13770495929623233,
        -0.061956356032912274,
        0.18141207939888088,
        0.09854665698129,
        -0.16993462285590955,
        0.15003043800375354,
        0.11272477681037107,
        0.1474373621107835,
        0.16162045778756845,
        0.1751417251192257,
        0.24248960267325953,
        -0.1854366567477116,
        0.05704741209946124,
        0.02143734059067509,
        -0.1736441284594306,
        0.01728800494809707,
        0.02449686641469856,
        -0.08572001777725491,
        0.11006233770061274,
        -0.056101920980898834,
        -0.24237668927228062,
        -0.19855081648276895,
        -0.1980715513793495,
        -0.16338717596321994,
        0.19881691176547378,
        -0.040570790426667225,
        0.17372974337414415,
        -0.08174482391184851,
        -0.03839915895457319,
        -0.2237966272630108,
        0.05144723479828295,
        -0.16691641973928834,
        -0.008884139331001906,
        0.03637587488642774,
        0.008650135519547963,
        0.10558380162667758,
        0.08819561492435274,
        0.17555527587565056,
        0.14216596886514243,
        -0.10505388226120277,
        -0.06525680982062304,
        0.0026720539853541947,
        -0.10778862019694818,
        0.2375037918247802,
        0.03595158945177673,
        -0.18873387102439565,
        -0.03269824770470964,
        0.02458455575717705,
        0.03836770968982106,
        0.11376825171454241,
        0.0480270866826466,
        0.15902776351230558,
        0.1918815295592748,
        -0.06358720505204768,
        0.07317627625592288,
        0.1700456111923545,
        -0.2015708069654324,
        0.20665724726187212,
        0.05671125310427222,
        0.04315729916445665,
        -0.16946934165316485,
        0.2498476730348424,
        0.04473725432848408,
        0.13960134560580978,
        0.008739736760920436,
        -0.21264300037130868,
        -0.0021153001612722044,
        -0.162068399009141,
        -0.0013336193349074987,
        0.09453672517147083,
        0.07641308666697672,
        -0.07057168732165442,
        0.025437801846034502,
        0.13356082221206061,
        0.012866282688688835,
        -0.1614932491048663,
        0.10629753362523692,
        0.02360375836310996,
        -0.019746097607758806,
        -0.08051874512159118,
        -0.22950179653048164,
        0.14878293301829082,
        0.10250203647179423,
        -0.09815651601332614,
        0.06972591921422427,
